<?xml version="1.0" encoding="UTF-8"?>
<beans xmlns="http://www.springframework.org/schema/beans"
	xmlns:xsi="http://www.w3.org/2001/XMLSchema-instance"
	xmlns:context="http://www.springframework.org/schema/context"
	xmlns:p="http://www.springframework.org/schema/p"
	xmlns:c="http://www.springframework.org/schema/c"
	xmlns:tx="http://www.springframework.org/schema/tx"
	xsi:schemaLocation="http://www.springframework.org/schema/beans
    http://www.springframework.org/schema/beans/spring-beans.xsd
    http://www.springframework.org/schema/context
    http://www.springframework.org/schema/context/spring-context.xsd
    http://www.springframework.org/schema/tx
    http://www.springframework.org/schema/tx/spring-tx.xsd">
    
    
    <context:component-scan base-package="com.example.**"/>

	<bean
		class="org.springframework.jdbc.datasource.DriverManagerDataSource"
		name="dataSource" p:driverClassName="com.mysql.jdbc.Driver"
		p:url="jdbc:mysql://localhost:3306/item_orders" p:username="root"
		p:password="test123" />
		
	<bean id="entityManagerFactory"
	      class="org.springframework.orm.jpa.LocalContainerEntityManagerFactoryBean"
	      p:dataSource-ref="dataSource">
	    <property name="packagesToScan">
	        <array>
	            <value>com.example.thoughti.Entity</value>
	        </array>
	    </property>
	
	    <property name="jpaVendorAdapter">
	        <bean class="org.springframework.orm.jpa.vendor.HibernateJpaVendorAdapter"/>
	    </property>
	
	    <property name="jpaProperties">
	        <props>
	            <prop key="hibernate.dialect">org.hibernate.dialect.MySQLDialect</prop>
	            <prop key="hibernate.show_sql">true</prop>

	        </props>
	    </property>
	    </bean>
	    	<bean
		class="org.springframework.orm.hibernate5.LocalSessionFactoryBean"
		name="sessionFactory" p:dataSource-ref="dataSource">
		<property name="hibernateProperties">
			<props>
				<prop key="hibernate.dialect">org.hibernate.dialect.MySQLDialect</prop>
				<prop key="hibernate.show_sql">true</prop>
			</props>
		</property>
		<property name="annotatedClasses">
			<list>
				<value>com.example.thoughti.Entity.Order</value> <!-- entity classes given here -->
			</list>
		</property>
	</bean>
	    
	    	<bean
		class="org.springframework.orm.hibernate5.HibernateTransactionManager"
		name="transactionManager" p:sessionFactory-ref="sessionFactory" />
	    
	<context:annotation-config/>

</beans>